[
  {
    "title": "Upcoming - England Tour of New Zealand 2025",
    "contentId": 1090491779,
    "genres": [
      "Cricket"
    ],
    "isLive": false,
    "isUpcoming": false,
    "logo": "https://origin-staticv2.sonyliv.com/videoasset_images/manage_file/1000010304/1760609444288814_NZvsENG25_2t20i_dated_16oct_landscape.jpg",
    "status": "unknown"
  },
  {
    "title": "Upcoming - Arsenal vs Atletico - UEFA Champions League 2025-26",
    "contentId": 1090492562,
    "genres": [
      "Football"
    ],
    "isLive": false,
    "isUpcoming": false,
    "logo": "https://origin-staticv2.sonyliv.com/videoasset_images/manage_file/1000010273/1760504005054351_UCL2526_Arsenal_vs_Atletico_15oct_dated_landscape_thumb.jpg",
    "status": "unknown"
  },
  {
    "title": "Asia Cup 2025",
    "contentId": 1090492070,
    "genres": [
      "Cricket"
    ],
    "isLive": true,
    "isUpcoming": false,
    "logo": "https://origin-staticv2.sonyliv.com/videoasset_images/manage_file/1000010049/1760026367682373_AsiaCup_Glory_24x7_Landscape_thumbj_9OCT_re1.jpg",
    "status": "live"
  },
  {
    "title": "Upcoming - Real Madrid vs Juventus - UEFA Champions League 2025-26",
    "contentId": 1090492559,
    "genres": [
      "Football"
    ],
    "isLive": false,
    "isUpcoming": false,
    "logo": "https://origin-staticv2.sonyliv.com/videoasset_images/manage_file/1000010273/1760506559701351_UCL2526_Real_Madrid_vs_Juventus_15oct_dated_landscape_thumb.jpg",
    "status": "unknown"
  },
  {
    "title": "Bundesliga 2025-26",
    "contentId": 1090492669,
    "genres": [
      "Football"
    ],
    "isLive": true,
    "isUpcoming": false,
    "logo": "https://origin-staticv2.sonyliv.com/videoasset_images/manage_file/1000010381/1760821853456693_BLIGA_2025_26_MD07_BAYERN_MUNICH_VS_DORTMUND_HLS_landscape_thumb.jpg",
    "status": "live"
  },
  {
    "title": "England Tour of New Zealand 2025",
    "contentId": 1090492610,
    "genres": [
      "Cricket"
    ],
    "isLive": true,
    "isUpcoming": false,
    "logo": "https://origin-staticv2.sonyliv.com/videoasset_images/manage_file/1000010366/1760782016592585_NZ_VS_ENG_2025_1ST_T20I_HLS_landscape_thumb.jpg",
    "status": "live"
  },
  {
    "title": "Bundesliga 2025-26",
    "contentId": 1090492663,
    "genres": [
      "Football"
    ],
    "isLive": true,
    "isUpcoming": false,
    "logo": "https://origin-staticv2.sonyliv.com/videoasset_images/manage_file/1000010375/1760802370145856_BLIGA_2025_26_MD07_MAINZ_VS_LEVERKUSEN_HLS002_001_Landsape_thumb.jpg",
    "status": "live"
  },
  {
    "title": "Upcoming - Leverkusen vs PSG - UEFA Champions League 2025-26",
    "contentId": 1090492560,
    "genres": [
      "Football"
    ],
    "isLive": false,
    "isUpcoming": false,
    "logo": "https://origin-staticv2.sonyliv.com/videoasset_images/manage_file/1000010273/1760505061578351_UCL2526_Leverkusen_vs_PSG_15oct_dated_landscape_thumb.jpg",
    "status": "unknown"
  },
  {
    "title": "Upcoming - Villarreal vs Man City - UEFA Champions League 2025-26",
    "contentId": 1090492558,
    "genres": [
      "Football"
    ],
    "isLive": false,
    "isUpcoming": false,
    "logo": "https://origin-staticv2.sonyliv.com/videoasset_images/manage_file/1000010273/1760505761048351_UCL2526_Villarreal_vs_Man_City_15oct_dated_landscape_thumb.jpg",
    "status": "unknown"
  },
  {
    "title": "Upcoming - Frankfurt vs Liverpool - UEFA Champions League 2025-26",
    "contentId": 1090492561,
    "genres": [
      "Football"
    ],
    "isLive": false,
    "isUpcoming": false,
    "logo": "https://origin-staticv2.sonyliv.com/videoasset_images/manage_file/1000010273/1760509150400351_UCL2526_Frankfurt_vs_Liverpool_15oct_dated_landscape_thumb.jpg",
    "status": "unknown"
  },
  {
    "title": "Upcoming - Bayern vs Club Brugge - UEFA Champions League 2025-26",
    "contentId": 1090492557,
    "genres": [
      "Football"
    ],
    "isLive": false,
    "isUpcoming": false,
    "logo": "https://origin-staticv2.sonyliv.com/videoasset_images/manage_file/1000010273/1760507577871351_UCL2526_Bayern_vs_Club_Brugge_15oct_dated_landscape_thumb.jpg",
    "status": "unknown"
  },
  {
    "title": "WWE",
    "contentId": 1090492595,
    "genres": [
      "Sports"
    ],
    "isLive": true,
    "isUpcoming": false,
    "logo": "https://origin-staticv2.sonyliv.com/videoasset_images/manage_file/1000010313/176061799623140_LTI_WWE_EVOLVE_EP01_landscape_thumb.jpg",
    "status": "live"
  },
  {
    "title": "England Tour of New Zealand 2025",
    "contentId": 1090492629,
    "genres": [
      "Cricket"
    ],
    "isLive": true,
    "isUpcoming": false,
    "logo": "https://origin-staticv2.sonyliv.com/videoasset_images/manage_file/1000010363/1760776510581929_NZ_VS_ENG_2025_1ST_T20I_TOP_KNOCK_SAM_CURRAN_landscape.jpg",
    "status": "live"
  }
]