[
  {
    "title": "Bundesliga 2025-26",
    "contentId": 1090492488,
    "genres": [
      "Football"
    ],
    "isLive": true,
    "isUpcoming": false,
    "logo": "https://origin-staticv2.sonyliv.com/videoasset_images/manage_file/1000009849/1759550682593913_bliga2526_MD7_Bayern_vs_Dortmund_3oct_landscape_thumb.jpg",
    "status": "live",
    "videoURL": "https://sonymtmnew.akamaized.net/v1/master/0085f7057986fc2f8467089bb19b8b7e4f1bf8d7/mediaTe3b6prod-PlaybackConfig/2022318/DAI14ME-V3/std_lrl-800300010.m3u8?hdnea=exp=1760809888~acl=/*~id=05583988418213849988787403984352~hmac=7479bc9fb6798adf5f204b6317616622295f1ed3e4f866b75f9b7758ffbd4ea2"
  },
  {
    "title": "Bundesliga 2025-26",
    "contentId": 1090492552,
    "genres": [
      "Football"
    ],
    "isLive": true,
    "isUpcoming": false,
    "logo": "https://origin-staticv2.sonyliv.com/videoasset_images/manage_file/1000010364/1760777719951147_bliga2526_MD7_Bayern_vs_Dortmund_18oct_Tactical_Feed_landscape_thumb.jpg",
    "status": "live",
    "videoURL": "https://sonymtmnew.akamaized.net/v1/master/0085f7057986fc2f8467089bb19b8b7e4f1bf8d7/mediaT2f12prod-PlaybackConfig/2005444/DAI07ME-V3/std_lrl-800300010.m3u8?hdnea=exp=1760809888~acl=/*~id=23959632126663383923460452062958~hmac=8176e69f3962ec87e1eeabaa507f8aa4502ab1bc4301bc96d30bace370ba9f40"
  },
  {
    "title": "England Tour of New Zealand 2025",
    "contentId": 1090492610,
    "genres": [
      "Cricket"
    ],
    "isLive": true,
    "isUpcoming": false,
    "logo": "https://origin-staticv2.sonyliv.com/videoasset_images/manage_file/1000010366/1760782016592585_NZ_VS_ENG_2025_1ST_T20I_HLS_landscape_thumb.jpg",
    "status": "live"
  },
  {
    "title": "England Tour of New Zealand 2025",
    "contentId": 1090492629,
    "genres": [
      "Cricket"
    ],
    "isLive": true,
    "isUpcoming": false,
    "logo": "https://origin-staticv2.sonyliv.com/videoasset_images/manage_file/1000010363/1760776510581929_NZ_VS_ENG_2025_1ST_T20I_TOP_KNOCK_SAM_CURRAN_landscape.jpg",
    "status": "live"
  },
  {
    "title": "Upcoming - Arsenal vs Atletico - UEFA Champions League 2025-26",
    "contentId": 1090492562,
    "genres": [
      "Football"
    ],
    "isLive": false,
    "isUpcoming": false,
    "logo": "https://origin-staticv2.sonyliv.com/videoasset_images/manage_file/1000010273/1760504005054351_UCL2526_Arsenal_vs_Atletico_15oct_dated_landscape_thumb.jpg",
    "status": "unknown"
  },
  {
    "title": "Asia Cup 2025",
    "contentId": 1090492070,
    "genres": [
      "Cricket"
    ],
    "isLive": true,
    "isUpcoming": false,
    "logo": "https://origin-staticv2.sonyliv.com/videoasset_images/manage_file/1000010049/1760026367682373_AsiaCup_Glory_24x7_Landscape_thumbj_9OCT_re1.jpg",
    "status": "live"
  },
  {
    "title": "WWE",
    "contentId": 1090492595,
    "genres": [
      "Sports"
    ],
    "isLive": true,
    "isUpcoming": false,
    "logo": "https://origin-staticv2.sonyliv.com/videoasset_images/manage_file/1000010313/176061799623140_LTI_WWE_EVOLVE_EP01_landscape_thumb.jpg",
    "status": "live"
  },
  {
    "title": "Upcoming - Real Madrid vs Juventus - UEFA Champions League 2025-26",
    "contentId": 1090492559,
    "genres": [
      "Football"
    ],
    "isLive": false,
    "isUpcoming": false,
    "logo": "https://origin-staticv2.sonyliv.com/videoasset_images/manage_file/1000010273/1760506559701351_UCL2526_Real_Madrid_vs_Juventus_15oct_dated_landscape_thumb.jpg",
    "status": "unknown"
  },
  {
    "title": "European Qualifiers For 2026 FIFA World Cup",
    "contentId": 1090492421,
    "genres": [
      "Football"
    ],
    "isLive": true,
    "isUpcoming": false,
    "logo": "https://origin-staticv2.sonyliv.com/videoasset_images/manage_file/1000010259/1760476162719905_EQ_2024_26_MD8_SPAIN_VS_BULGARIA_FULL-MATCH_REPLAY_1_Landscape_thumb.jpg",
    "status": "live"
  },
  {
    "title": "European Qualifiers For 2026 FIFA World Cup",
    "contentId": 1090492388,
    "genres": [
      "Football"
    ],
    "isLive": true,
    "isUpcoming": false,
    "logo": "https://origin-staticv2.sonyliv.com/videoasset_images/manage_file/1000010259/1760475909231905_EQ_2024_26_MD8_LATVIA_VS_ENGLAND_HLS-01_Landscape_thumb.jpg",
    "status": "live"
  },
  {
    "title": "Upcoming - Leverkusen vs PSG - UEFA Champions League 2025-26",
    "contentId": 1090492560,
    "genres": [
      "Football"
    ],
    "isLive": false,
    "isUpcoming": false,
    "logo": "https://origin-staticv2.sonyliv.com/videoasset_images/manage_file/1000010273/1760505061578351_UCL2526_Leverkusen_vs_PSG_15oct_dated_landscape_thumb.jpg",
    "status": "unknown"
  },
  {
    "title": "Upcoming - Villarreal vs Man City - UEFA Champions League 2025-26",
    "contentId": 1090492558,
    "genres": [
      "Football"
    ],
    "isLive": false,
    "isUpcoming": false,
    "logo": "https://origin-staticv2.sonyliv.com/videoasset_images/manage_file/1000010273/1760505761048351_UCL2526_Villarreal_vs_Man_City_15oct_dated_landscape_thumb.jpg",
    "status": "unknown"
  },
  {
    "title": "European Qualifiers For 2026 FIFA World Cup",
    "contentId": 1090492418,
    "genres": [
      "Football"
    ],
    "isLive": true,
    "isUpcoming": false,
    "logo": "https://origin-staticv2.sonyliv.com/videoasset_images/manage_file/1000010259/1760476074815905_EQ_2024_26_MD8_PORTUGAL_VS_HUNGARY_HLS_1_Landscape_thumb.jpg",
    "status": "live"
  },
  {
    "title": "European Qualifiers For 2026 FIFA World Cup",
    "contentId": 1090492386,
    "genres": [
      "Football"
    ],
    "isLive": true,
    "isUpcoming": false,
    "logo": "https://origin-staticv2.sonyliv.com/videoasset_images/manage_file/1000010260/1760477750335975_EQ_2024_26_MD8_ITALY_VS_ISRAEL_HLS_Landscape_thumb.jpg",
    "status": "live"
  },
  {
    "title": "Upcoming - Frankfurt vs Liverpool - UEFA Champions League 2025-26",
    "contentId": 1090492561,
    "genres": [
      "Football"
    ],
    "isLive": false,
    "isUpcoming": false,
    "logo": "https://origin-staticv2.sonyliv.com/videoasset_images/manage_file/1000010273/1760509150400351_UCL2526_Frankfurt_vs_Liverpool_15oct_dated_landscape_thumb.jpg",
    "status": "unknown"
  }
]